{
  "train_time": [
    23.875633239746094,
    46.19531989097595,
    68.3188648223877,
    90.47822260856628,
    112.83546185493469,
    134.89909768104553,
    156.93582558631897,
    179.24294304847717,
    201.28833746910095,
    223.5975251197815,
    245.73322772979736,
    268.11221194267273,
    290.2443153858185,
    312.29862880706787,
    334.6196253299713,
    356.7498269081116,
    378.8167886734009,
    401.14162826538086,
    423.1943578720093,
    445.51199436187744,
    467.64303851127625,
    489.972531080246,
    512.0345907211304,
    534.0660026073456,
    556.3473799228668,
    578.4071373939514,
    600.4576442241669,
    622.7734787464142,
    644.8073928356171,
    667.1384420394897
  ],
  "eval_time": [
    0.27593278884887695,
    0.5492746829986572,
    0.821080207824707,
    1.0945281982421875,
    1.3642606735229492,
    1.6354048252105713,
    1.915799856185913,
    2.186666965484619,
    2.453962802886963,
    2.7223055362701416,
    2.9997169971466064,
    3.278712272644043,
    3.553431510925293,
    3.822293758392334,
    4.093090534210205,
    4.363378524780273,
    4.634533643722534,
    4.9038379192352295,
    5.181669235229492,
    5.4532835483551025,
    5.7293031215667725,
    5.999976634979248,
    6.270355939865112,
    6.546424150466919,
    6.823373794555664,
    7.091798305511475,
    7.360426425933838,
    7.627995014190674,
    7.899615049362183,
    8.168968200683594
  ],
  "train_losses": [
    0.7160162496566772,
    0.7068357968330383,
    0.7278570801019668,
    0.7064072179794312,
    0.6718438822031021,
    0.6548969155550003,
    0.6555203860998153,
    0.6623953592777252,
    0.6012913572788239,
    0.5875084590911865,
    0.5175237357616425,
    0.5120657658576966,
    0.5017477828264236,
    0.4982309204339981,
    0.49794802725315096,
    0.5143853396177291,
    0.5107500138878822,
    0.5137953269481659,
    0.5890312412381172,
    0.4895671862363815,
    0.44241896748542786,
    0.44650978833436966,
    0.4243215879797935,
    0.4662303978204727,
    0.4221957176923752,
    0.450729076564312,
    0.4655726146697998,
    0.43551429867744446,
    0.49897210478782655,
    0.4410474064946175
  ],
  "eval_accs": [
    48.2,
    48.2,
    55.9,
    56.1,
    64.0,
    63.5,
    68.9,
    64.3,
    65.9,
    69.3,
    73.0,
    74.6,
    74.0,
    75.1,
    75.0,
    74.6,
    70.1,
    75.4,
    73.6,
    73.1,
    78.0,
    75.8,
    80.1,
    79.5,
    76.2,
    80.3,
    76.3,
    79.8,
    75.6,
    78.8
  ],
  "eval_f1s": [
    0.6505,
    0.6505,
    0.1818,
    0.6793,
    0.4643,
    0.7124,
    0.6146,
    0.4615,
    0.7243,
    0.6252,
    0.7187,
    0.7298,
    0.7039,
    0.7684,
    0.6959,
    0.7799,
    0.5759,
    0.7807,
    0.777,
    0.632,
    0.7741,
    0.7792,
    0.7746,
    0.7602,
    0.7927,
    0.7971,
    0.6965,
    0.8046,
    0.7918,
    0.7629
  ],
  "eval_losses": [
    0.7149204015731812,
    0.8046124577522278,
    0.7451144754886627,
    0.7659321427345276,
    0.7997203171253204,
    0.7996415197849274,
    0.5711845457553864,
    0.6414073407649994,
    0.6911367774009705,
    0.7606535851955414,
    0.5363848805427551,
    0.5157042890787125,
    0.5464785397052765,
    0.5938259065151215,
    0.6166812181472778,
    0.614176869392395,
    0.7343814969062805,
    0.5027745068073273,
    0.5543386340141296,
    0.5724857151508331,
    0.45895446836948395,
    0.5317072868347168,
    0.45196233689785004,
    0.46129782497882843,
    0.5709485709667206,
    0.4348677098751068,
    0.5876366496086121,
    0.4558465927839279,
    0.597955971956253,
    0.45501407980918884
  ],
  "epoch_train_loss": [
    0.6638843771308606,
    0.5203304410906989,
    0.4529436931586135
  ],
  "epoch_train_time": [
    247.0839400291443,
    245.42711925506592,
    245.08997344970703
  ],
  "epoch_eval_loss": [
    0.6034952700138092,
    0.5014218688011169,
    0.620143860578537
  ],
  "epoch_eval_time": [
    0.2692887783050537,
    0.2759358882904053,
    0.27756667137145996
  ],
  "epoch_eval_acc": [
    71.6,
    78.2,
    73.8
  ],
  "epoch_eval_f1": [
    0.669,
    0.7411,
    0.6431
  ],
  "parameters": 8671744
}