{
  "train_time": [
    14.5544593334198,
    28.956364631652832,
    43.8336980342865,
    58.31377553939819,
    72.74475932121277,
    87.61438465118408,
    101.97206735610962,
    116.51794195175171,
    131.2704677581787,
    145.73773384094238,
    160.62007665634155,
    175.17972207069397,
    189.7488555908203,
    204.49573302268982,
    218.98684191703796,
    233.42697954177856,
    248.23870515823364,
    262.6505696773529,
    277.04195189476013,
    291.6943874359131,
    306.36096692085266,
    321.1007921695709,
    335.55387449264526,
    350.0705666542053,
    364.8477027416229,
    379.41223430633545,
    393.82227301597595,
    408.47107100486755,
    422.96185207366943,
    437.94218826293945
  ],
  "eval_time": [
    0.22377324104309082,
    0.4468519687652588,
    0.6753849983215332,
    0.8954617977142334,
    1.1211731433868408,
    1.3398261070251465,
    1.5625104904174805,
    1.7909610271453857,
    2.0108466148376465,
    2.2294135093688965,
    2.459185838699341,
    2.67716908454895,
    2.899482011795044,
    3.1190028190612793,
    3.338463544845581,
    3.5648276805877686,
    3.789444923400879,
    4.009424686431885,
    4.22834587097168,
    4.450703144073486,
    4.669678449630737,
    4.8891661167144775,
    5.112724542617798,
    5.336574554443359,
    5.561041355133057,
    5.788420677185059,
    6.289129972457886,
    6.509230136871338,
    6.746333122253418,
    6.97589635848999
  ],
  "train_losses": [
    0.6886729943752289,
    0.6842292493581772,
    0.6765704250335693,
    0.6531690382957458,
    0.6284736067056655,
    0.6063064604997634,
    0.602529559135437,
    0.6287379729747772,
    0.6200415915250779,
    0.6359318137168884,
    0.6254223191738129,
    0.6083236056566238,
    0.5945196425914765,
    0.5683358693122864,
    0.550559806227684,
    0.557445016503334,
    0.5735653024911881,
    0.5542125031352043,
    0.5338631829619408,
    0.5356553450226784,
    0.5652493005990982,
    0.5307087138295173,
    0.51757877856493,
    0.5271988254785538,
    0.5263844045996666,
    0.53351895570755,
    0.5208557957410812,
    0.4972813653945923,
    0.4830716848373413,
    0.49920480370521547
  ],
  "eval_accs": [
    53.3,
    53.3,
    58.4,
    62.1,
    65.2,
    65.7,
    72.2,
    63.2,
    63.6,
    59.8,
    62.7,
    66.3,
    67.1,
    71.4,
    74.1,
    72.8,
    71.9,
    69.1,
    70.8,
    74.8,
    75.6,
    65.9,
    74.7,
    74.3,
    71.3,
    70.7,
    71.5,
    79.1,
    67.9,
    65.6
  ],
  "eval_f1s": [
    0.6255,
    0.6255,
    0.6127,
    0.592,
    0.5915,
    0.5065,
    0.7049,
    0.3967,
    0.6721,
    0.6835,
    0.6679,
    0.5595,
    0.5596,
    0.7117,
    0.7402,
    0.6808,
    0.707,
    0.7301,
    0.6022,
    0.729,
    0.7458,
    0.4762,
    0.7664,
    0.7507,
    0.6822,
    0.709,
    0.7502,
    0.7981,
    0.7438,
    0.7317
  ],
  "eval_losses": [
    0.6854955554008484,
    0.6837433874607086,
    0.6646360158920288,
    0.6347115933895111,
    0.6259353458881378,
    0.6886341273784637,
    0.554621696472168,
    0.6324964463710785,
    0.6295318305492401,
    0.6514414250850677,
    0.626288652420044,
    0.6028327941894531,
    0.6044714152812958,
    0.5706780552864075,
    0.5815946459770203,
    0.5803390741348267,
    0.5385160446166992,
    0.5751862525939941,
    0.5897679030895233,
    0.5140520334243774,
    0.5062396824359894,
    0.6885477006435394,
    0.518141359090805,
    0.5224023461341858,
    0.5506960451602936,
    0.5431380867958069,
    0.5819577276706696,
    0.4910517781972885,
    0.7301096320152283,
    0.6745298206806183
  ],
  "epoch_train_loss": [
    0.6417252032368885,
    0.5697408789527045,
    0.5225354097170629
  ],
  "epoch_train_time": [
    161.67659091949463,
    161.91360354423523,
    162.54373335838318
  ],
  "epoch_eval_loss": [
    0.6377480626106262,
    0.6030529141426086,
    0.6670561730861664
  ],
  "epoch_eval_time": [
    0.22760438919067383,
    0.22881793975830078,
    0.2254033088684082
  ],
  "epoch_eval_acc": [
    61.4,
    65.7,
    68.0
  ],
  "epoch_eval_f1": [
    0.6767,
    0.7015,
    0.5294
  ],
  "parameters": 9654784
}