{
  "train_time": [
    33.80172348022461,
    67.85901737213135,
    101.6532986164093,
    135.64951467514038,
    169.43255758285522,
    203.21230292320251,
    237.15958166122437,
    270.9459185600281,
    304.76568508148193,
    338.84952998161316,
    372.90415382385254,
    406.66767024993896,
    440.4714152812958,
    474.5506057739258,
    508.3987555503845,
    542.4283323287964,
    576.2619168758392,
    610.0385847091675,
    644.115375995636,
    677.9524881839752,
    711.9989712238312,
    745.8404483795166,
    779.8663432598114,
    813.6850388050079,
    847.4755616188049,
    881.5249221324921,
    915.3621077537537,
    949.4718928337097,
    983.2962262630463,
    1017.0811922550201
  ],
  "eval_time": [
    0.3438282012939453,
    0.6856520175933838,
    1.032639503479004,
    1.3754949569702148,
    1.7173452377319336,
    2.0682532787323,
    2.418195962905884,
    2.760181427001953,
    3.105241060256958,
    3.450968027114868,
    3.8039541244506836,
    4.147408485412598,
    4.4889609813690186,
    4.834845781326294,
    5.179291486740112,
    5.525722503662109,
    5.871613502502441,
    6.221205472946167,
    6.568787097930908,
    6.913194179534912,
    7.259623289108276,
    7.604393005371094,
    7.961313247680664,
    8.304536819458008,
    8.649702310562134,
    8.992140293121338,
    9.334191083908081,
    9.678463697433472,
    10.02228593826294,
    10.377270460128784
  ],
  "train_losses": [
    0.7568523603677749,
    0.7689601308107377,
    0.7766185784339905,
    0.7602651101350785,
    0.7051568150520324,
    0.69976009786129,
    0.6788284826278687,
    0.6504632979631424,
    0.6096828317642212,
    0.6264371544122695,
    0.5944766718149185,
    0.6418655836582183,
    0.561688751578331,
    0.6615719163417816,
    0.5741483342647552,
    0.6627330040931702,
    0.5393385058641433,
    0.5610928091406823,
    0.5167221823334693,
    0.5077151909470559,
    0.5073337578773498,
    0.505485870540142,
    0.4825644677877426,
    0.5213099661469459,
    0.4848246818780899,
    0.5662765389680863,
    0.4906719771027565,
    0.4591970899701118,
    0.4498173913359642,
    0.4714831152558327
  ],
  "eval_accs": [
    59.9,
    48.2,
    63.5,
    52.8,
    48.2,
    65.6,
    67.2,
    68.1,
    64.8,
    73.5,
    72.6,
    65.9,
    72.4,
    71.7,
    65.0,
    70.5,
    74.6,
    78.9,
    69.0,
    77.2,
    79.6,
    74.2,
    80.7,
    77.9,
    73.7,
    73.2,
    79.0,
    79.5,
    81.2,
    78.4
  ],
  "eval_f1s": [
    0.4799,
    0.6505,
    0.7124,
    0.0522,
    0.6505,
    0.5196,
    0.5941,
    0.74,
    0.4808,
    0.7184,
    0.6675,
    0.4933,
    0.7637,
    0.7484,
    0.4713,
    0.5997,
    0.7764,
    0.7879,
    0.5571,
    0.7808,
    0.7713,
    0.6605,
    0.8153,
    0.8043,
    0.6553,
    0.6436,
    0.7756,
    0.8038,
    0.7948,
    0.7333
  ],
  "eval_losses": [
    0.6752797663211823,
    0.7287712395191193,
    0.6650424301624298,
    0.7488443851470947,
    0.9118077754974365,
    0.5954001247882843,
    0.597859114408493,
    0.7172719836235046,
    0.7450665831565857,
    0.5198982357978821,
    0.5265724062919617,
    0.6905650496482849,
    0.6302823722362518,
    0.5927397906780243,
    0.6744085252285004,
    0.5818048119544983,
    0.5476521551609039,
    0.48086440563201904,
    0.6966549754142761,
    0.48819781839847565,
    0.4448123425245285,
    0.6030547618865967,
    0.4966070055961609,
    0.4990825206041336,
    0.508965939283371,
    0.5246608853340149,
    0.4315449148416519,
    0.4596889168024063,
    0.45614558458328247,
    0.5582002997398376
  ],
  "epoch_train_loss": [
    0.695946417190475,
    0.5828634079075818,
    0.48762374925656987
  ],
  "epoch_train_time": [
    374.08547139167786,
    374.33113408088684,
    374.5911822319031
  ],
  "epoch_eval_loss": [
    0.709875613451004,
    0.5610784590244293,
    0.4103027284145355
  ],
  "epoch_eval_time": [
    0.3507544994354248,
    0.34812331199645996,
    0.34694957733154297
  ],
  "epoch_eval_acc": [
    63.8,
    74.3,
    82.5
  ],
  "epoch_eval_f1": [
    0.7228,
    0.7771,
    0.8245
  ],
  "parameters": 9463296
}