{
  "train_time": [
    13.406622171401978,
    26.50165319442749,
    39.909762144088745,
    53.07419681549072,
    66.2650740146637,
    79.65340185165405,
    92.8123984336853,
    105.95309662818909,
    119.3803403377533,
    132.52234864234924,
    145.87577652931213,
    158.93494129180908,
    172.09705924987793,
    185.4865493774414,
    198.60558128356934,
    211.71541666984558,
    225.16948008537292,
    238.32149124145508,
    251.517902135849,
    264.92769408226013,
    278.066205739975,
    291.4223313331604,
    304.5149893760681,
    317.5768508911133,
    330.965797662735,
    344.0806202888489,
    357.1909420490265,
    370.57832646369934,
    383.7248537540436,
    396.9159586429596
  ],
  "eval_time": [
    0.2155930995941162,
    0.42700886726379395,
    0.6431324481964111,
    0.8582541942596436,
    1.0688371658325195,
    1.2808573246002197,
    1.4958813190460205,
    1.718198537826538,
    1.9410820007324219,
    2.164205312728882,
    2.3757946491241455,
    2.591046094894409,
    2.8044440746307373,
    3.0183544158935547,
    3.2330238819122314,
    3.4491965770721436,
    3.665576934814453,
    3.8897035121917725,
    4.1084206104278564,
    4.320204973220825,
    4.533742666244507,
    4.747465133666992,
    4.957975625991821,
    5.169469833374023,
    5.383730411529541,
    5.603637218475342,
    5.822242498397827,
    6.041292667388916,
    6.262639999389648,
    6.477666616439819
  ],
  "train_losses": [
    0.6931209224462509,
    0.6924282151460648,
    0.6812975662946701,
    0.6648135083913803,
    0.6484906375408173,
    0.6283591514825821,
    0.6108984136581421,
    0.6078480172157288,
    0.5901569271087647,
    0.5992599874734879,
    0.5606991899013519,
    0.592903345823288,
    0.5822471553087234,
    0.5770269221067429,
    0.5707875645160675,
    0.5581086775660515,
    0.5477272209525108,
    0.5491118377447128,
    0.5449227273464203,
    0.5285732084512711,
    0.4903634235262871,
    0.48315847158432007,
    0.4900673285126686,
    0.5120553153753281,
    0.5596486949920654,
    0.5496037125587463,
    0.5446224194765091,
    0.566986449956894,
    0.5771198272705078,
    0.5710375434160233
  ],
  "eval_accs": [
    51.8,
    48.7,
    56.0,
    52.9,
    60.5,
    64.6,
    64.3,
    64.2,
    62.2,
    62.1,
    63.3,
    61.7,
    66.6,
    64.3,
    67.8,
    70.4,
    66.6,
    67.0,
    66.7,
    69.6,
    71.0,
    75.0,
    76.6,
    73.0,
    65.6,
    69.5,
    67.5,
    64.2,
    62.7,
    64.2
  ],
  "eval_f1s": [
    0.0,
    0.6522,
    0.1822,
    0.6633,
    0.4284,
    0.6523,
    0.5975,
    0.5227,
    0.6588,
    0.6724,
    0.6767,
    0.6735,
    0.6564,
    0.5405,
    0.6064,
    0.6726,
    0.5907,
    0.6467,
    0.6902,
    0.6793,
    0.7195,
    0.7197,
    0.771,
    0.6667,
    0.485,
    0.6408,
    0.6931,
    0.6882,
    0.6782,
    0.6792
  ],
  "eval_losses": [
    0.6933447420597076,
    0.6961099207401276,
    0.6779924929141998,
    0.6876018941402435,
    0.653348445892334,
    0.6236631274223328,
    0.6123667061328888,
    0.6282669603824615,
    0.6218837797641754,
    0.6222636997699738,
    0.6161127686500549,
    0.6254344582557678,
    0.6041855812072754,
    0.6076509654521942,
    0.5995540022850037,
    0.5854900479316711,
    0.6040796935558319,
    0.5927733182907104,
    0.5966524183750153,
    0.5705554485321045,
    0.5492756068706512,
    0.5286292433738708,
    0.5103406012058258,
    0.5385400950908661,
    0.6194958686828613,
    0.5769075751304626,
    0.5930742621421814,
    0.6125216782093048,
    0.615703821182251,
    0.6053175926208496
  ],
  "epoch_train_loss": [
    0.634790611659369,
    0.556714542986488,
    0.5367885257578855
  ],
  "epoch_train_time": [
    147.14341688156128,
    146.9340250492096,
    146.75466680526733
  ],
  "epoch_eval_loss": [
    0.6047947406768799,
    0.5780066847801208,
    0.5933646261692047
  ],
  "epoch_eval_time": [
    0.21434783935546875,
    0.21657681465148926,
    0.21931242942810059
  ],
  "epoch_eval_acc": [
    69.8,
    69.1,
    66.2
  ],
  "epoch_eval_f1": [
    0.6272,
    0.6133,
    0.6744
  ],
  "parameters": 8866304
}