{
  "train_time": [
    21.166405200958252,
    42.51556873321533,
    63.56194281578064,
    84.65176606178284,
    106.00890374183655,
    127.10652279853821,
    148.18067073822021,
    169.58367276191711,
    190.7511978149414,
    212.26034140586853,
    233.42199969291687,
    254.8110806941986,
    275.9656445980072,
    297.03427743911743,
    318.45121574401855,
    339.67728781700134,
    360.85737347602844,
    382.28309202194214,
    403.460408449173,
    424.64569902420044,
    445.84317660331726,
    467.2560362815857,
    488.43430519104004,
    509.5413496494293,
    530.9776358604431,
    552.1277461051941,
    573.2021310329437,
    594.5669593811035,
    615.7095954418182,
    636.8740179538727
  ],
  "eval_time": [
    0.2682168483734131,
    0.5388514995574951,
    0.8039038181304932,
    1.0696439743041992,
    1.3343284130096436,
    1.6115150451660156,
    1.8745760917663574,
    2.136657238006592,
    2.4000978469848633,
    2.664222478866577,
    2.9294936656951904,
    3.1949400901794434,
    3.462747097015381,
    3.7382614612579346,
    4.007248401641846,
    4.275723695755005,
    4.542042016983032,
    4.808969974517822,
    5.078487873077393,
    5.3424389362335205,
    5.606501340866089,
    5.880375385284424,
    6.144711971282959,
    6.412080764770508,
    6.6764490604400635,
    6.950587511062622,
    7.21540641784668,
    7.479289531707764,
    7.746436357498169,
    8.012580633163452
  ],
  "train_losses": [
    0.6883746576309204,
    0.6715754640102386,
    0.5916176474094391,
    0.5641332083940506,
    0.5958122965693474,
    0.6495717149972916,
    0.6270935988426208,
    0.6436565732955932,
    0.6213576757907867,
    0.5541867357492447,
    0.5139059874415398,
    0.4794768738746643,
    0.45605697482824326,
    0.45890453189611435,
    0.46429364651441574,
    0.4649471935629845,
    0.4531270071864128,
    0.48168383806943893,
    0.4966332772374153,
    0.5032055705785752,
    0.4638009661436081,
    0.38918170660734175,
    0.3973524624109268,
    0.37742999255657195,
    0.42095946669578554,
    0.43111527532339095,
    0.3693730050325394,
    0.4565018847584724,
    0.3796464565396309,
    0.4716886577010155
  ],
  "eval_accs": [
    53.4,
    61.0,
    72.1,
    76.6,
    60.0,
    74.6,
    55.8,
    52.0,
    62.5,
    77.8,
    78.5,
    75.8,
    78.0,
    81.0,
    76.7,
    79.4,
    70.4,
    83.1,
    70.2,
    83.4,
    80.6,
    83.9,
    82.6,
    80.8,
    84.7,
    81.6,
    80.8,
    77.3,
    80.8,
    74.9
  ],
  "eval_f1s": [
    0.626,
    0.6597,
    0.6737,
    0.7583,
    0.3031,
    0.6785,
    0.6825,
    0.6667,
    0.7161,
    0.7658,
    0.7696,
    0.7839,
    0.7436,
    0.8096,
    0.7944,
    0.7524,
    0.7601,
    0.8249,
    0.563,
    0.8122,
    0.822,
    0.8181,
    0.7972,
    0.8245,
    0.844,
    0.7794,
    0.8264,
    0.8041,
    0.7641,
    0.6585
  ],
  "eval_losses": [
    0.6839061677455902,
    0.6488025188446045,
    0.5534783601760864,
    0.5014761537313461,
    0.7044528126716614,
    0.6024075150489807,
    0.6514765620231628,
    0.6534349322319031,
    0.60459965467453,
    0.5329572558403015,
    0.4953162968158722,
    0.5115129351615906,
    0.4720683842897415,
    0.4338504821062088,
    0.48433421552181244,
    0.5379723310470581,
    0.6107051074504852,
    0.38320504128932953,
    0.5608867108821869,
    0.4825710207223892,
    0.44849686324596405,
    0.38767489790916443,
    0.40734487771987915,
    0.5161137282848358,
    0.38427726924419403,
    0.45186230540275574,
    0.4231048822402954,
    0.46462908387184143,
    0.4166673421859741,
    0.4744412899017334
  ],
  "epoch_train_loss": [
    0.612735737694029,
    0.47732254522265205,
    0.4149171697210786
  ],
  "epoch_train_time": [
    234.82224869728088,
    235.19531536102295,
    235.03624272346497
  ],
  "epoch_eval_loss": [
    0.5481733679771423,
    0.498874694108963,
    0.3679042160511017
  ],
  "epoch_eval_time": [
    0.264096736907959,
    0.2653231620788574,
    0.26540327072143555
  ],
  "epoch_eval_acc": [
    72.8,
    75.9,
    86.6
  ],
  "epoch_eval_f1": [
    0.6583,
    0.7956,
    0.8607
  ],
  "parameters": 10705408
}