{
  "train_time": [
    161.92677211761475,
    323.87448143959045,
    485.93039417266846,
    648.195639371872,
    810.2212245464325,
    972.314044713974,
    1134.5672733783722,
    1296.4813838005066,
    1458.7734231948853,
    1620.7684841156006,
    1783.0493981838226,
    1944.9985666275024,
    2107.318666934967,
    2269.3608269691467,
    2431.348587036133,
    2593.6309900283813,
    2755.5767261981964,
    2917.5920667648315,
    3079.8423187732697,
    3241.9346458911896
  ],
  "eval_time": [
    3.060401201248169,
    6.125369310379028,
    9.185035705566406,
    12.247544527053833,
    15.310494899749756,
    18.37050986289978,
    21.432477712631226,
    24.49488091468811,
    27.5596923828125,
    30.62626886367798,
    33.68696045875549,
    36.74821710586548,
    39.805734634399414,
    42.86665081977844,
    45.92760348320007,
    48.98107385635376,
    52.04536199569702,
    55.10691237449646,
    58.170856952667236,
    61.23282980918884
  ],
  "train_losses": [
    0.6777498000860214,
    0.6505618810653686,
    0.624983366727829,
    0.5994352287054062,
    0.5783240675926209,
    0.5578971511125564,
    0.5388358932733536,
    0.5230727177858353,
    0.5084485107660294,
    0.4936781281232834,
    0.47535004556179045,
    0.4730423939228058,
    0.4724475219845772,
    0.46918072015047074,
    0.4659419482946396,
    0.4594240579009056,
    0.45608446151018145,
    0.44740356773138046,
    0.44058636605739593,
    0.4345508155226707
  ],
  "eval_accs": [
    62.7,
    70.1,
    74.8,
    76.4,
    78.9,
    80.7,
    81.1,
    81.8,
    82.4,
    82.4,
    83.1,
    83.1,
    83.3,
    83.9,
    84.5,
    84.7,
    84.6,
    84.8,
    85.5,
    85.7
  ],
  "eval_f1s": [
    0.5544,
    0.6781,
    0.7267,
    0.7342,
    0.7753,
    0.7971,
    0.8008,
    0.8068,
    0.8143,
    0.8151,
    0.8238,
    0.8234,
    0.8233,
    0.8303,
    0.838,
    0.8391,
    0.8358,
    0.8383,
    0.8491,
    0.8515
  ],
  "eval_losses": [
    0.6673398911952972,
    0.6406437158584595,
    0.6153731644153595,
    0.5923281013965607,
    0.5714203119277954,
    0.5524471700191498,
    0.5348751842975616,
    0.5188392698764801,
    0.5041712820529938,
    0.49068525433540344,
    0.47747041285037994,
    0.4757266640663147,
    0.4726968854665756,
    0.46854931116104126,
    0.46341927349567413,
    0.4569893181324005,
    0.4499012678861618,
    0.44217343628406525,
    0.43435175716876984,
    0.42629434168338776
  ],
  "epoch_train_loss": [
    0.5673674068514128,
    0.4566043882036558
  ],
  "epoch_train_time": [
    1803.319524049759,
    1804.0610518455505
  ],
  "epoch_eval_loss": [
    0.47899000346660614,
    0.4180012494325638
  ],
  "epoch_eval_time": [
    3.067324638366699,
    3.057218074798584
  ],
  "epoch_eval_acc": [
    82.9,
    86.4
  ],
  "epoch_eval_f1": [
    0.8213,
    0.8574
  ],
  "parameters": 0
}