{
  "train_time": [
    13.195235967636108,
    26.331501007080078,
    39.72185564041138,
    52.83045983314514,
    66.01016902923584,
    79.48743867874146,
    92.61844301223755,
    105.7737922668457,
    119.24923253059387,
    132.3620765209198,
    145.80862545967102,
    158.9765362739563,
    172.07761979103088,
    185.44927954673767,
    198.55254578590393,
    211.68471217155457,
    225.11675786972046,
    238.2859010696411,
    251.3831443786621,
    264.78963136672974,
    277.88500356674194,
    291.2791087627411,
    304.3857729434967,
    317.47477555274963,
    330.85217356681824,
    343.9938340187073,
    357.0970277786255,
    370.4324688911438,
    383.5338439941406,
    396.6499786376953
  ],
  "eval_time": [
    0.21109867095947266,
    0.4241197109222412,
    0.6337366104125977,
    0.846977710723877,
    1.058870792388916,
    1.272761344909668,
    1.4947535991668701,
    1.7174203395843506,
    1.931976318359375,
    2.142735719680786,
    2.358607292175293,
    2.5700907707214355,
    2.78426456451416,
    2.9963390827178955,
    3.208622455596924,
    3.4221291542053223,
    3.640619993209839,
    3.8857932090759277,
    4.103222846984863,
    4.315117597579956,
    4.526535987854004,
    4.739901065826416,
    4.9510321617126465,
    5.1648430824279785,
    5.380516767501831,
    5.610028982162476,
    5.8318798542022705,
    6.050869703292847,
    6.265976905822754,
    6.479746103286743
  ],
  "train_losses": [
    0.6919388437271118,
    0.6877221781015396,
    0.6810974377393723,
    0.6697844588756561,
    0.6617893308401108,
    0.642401773929596,
    0.6223819142580033,
    0.6104575699567795,
    0.6185113453865051,
    0.6008518761396409,
    0.594332971572876,
    0.578170268535614,
    0.5682638049125671,
    0.5990161871910096,
    0.5797171437740326,
    0.6004733121395112,
    0.5773054903745651,
    0.5634807401895523,
    0.5688495439291,
    0.5666205233335495,
    0.5564584356546401,
    0.5427453437447548,
    0.5358841595053673,
    0.5073217117786407,
    0.49895634114742277,
    0.5501388025283813,
    0.49297003090381625,
    0.5450734090805054,
    0.5541881966590881,
    0.5657978296279907
  ],
  "eval_accs": [
    48.3,
    50.5,
    57.0,
    58.3,
    62.5,
    64.3,
    61.0,
    66.7,
    65.5,
    65.5,
    71.0,
    68.5,
    64.3,
    67.7,
    67.7,
    67.1,
    73.2,
    69.1,
    68.5,
    68.1,
    68.5,
    71.2,
    71.9,
    75.7,
    77.1,
    65.2,
    75.6,
    74.3,
    72.1,
    68.5
  ],
  "eval_f1s": [
    0.6504,
    0.6462,
    0.2612,
    0.6475,
    0.6146,
    0.513,
    0.688,
    0.5542,
    0.5161,
    0.6814,
    0.6915,
    0.557,
    0.7062,
    0.6879,
    0.5722,
    0.5333,
    0.7599,
    0.6335,
    0.6496,
    0.6788,
    0.6878,
    0.6757,
    0.6635,
    0.7684,
    0.7407,
    0.7189,
    0.6864,
    0.6885,
    0.7127,
    0.7107
  ],
  "eval_losses": [
    0.6915257573127747,
    0.6841285824775696,
    0.6739554703235626,
    0.6594893634319305,
    0.6348340213298798,
    0.642807126045227,
    0.7427765727043152,
    0.6138047575950623,
    0.617405354976654,
    0.6048117876052856,
    0.5598209202289581,
    0.6403133571147919,
    0.6480725407600403,
    0.5840924978256226,
    0.5906402468681335,
    0.6019569635391235,
    0.7669003307819366,
    0.563435822725296,
    0.575047492980957,
    0.5781386196613312,
    0.5703979134559631,
    0.5537649095058441,
    0.5447399616241455,
    0.5426321029663086,
    0.5836334526538849,
    0.8029367923736572,
    0.5200972855091095,
    0.5444236397743225,
    0.559059351682663,
    0.5741174817085266
  ],
  "epoch_train_loss": [
    0.6450921075871483,
    0.578275544224971,
    0.5378136158098469
  ],
  "epoch_train_time": [
    146.88471674919128,
    146.94662284851074,
    146.69244742393494
  ],
  "epoch_eval_loss": [
    0.6108677387237549,
    0.5815126895904541,
    0.5808935761451721
  ],
  "epoch_eval_time": [
    0.21300959587097168,
    0.21129608154296875,
    0.21132421493530273
  ],
  "epoch_eval_acc": [
    64.6,
    68.1,
    67.0
  ],
  "epoch_eval_f1": [
    0.6969,
    0.6947,
    0.7095
  ],
  "parameters": 8866304
}