{
  "train_time": [
    21.94567584991455,
    43.92527914047241,
    66.12690877914429,
    88.03511548042297,
    110.20299911499023,
    132.16595935821533,
    154.07886791229248,
    176.2675120830536,
    198.10090732574463,
    220.0097575187683,
    241.92602014541626,
    264.07958579063416,
    286.0106556415558,
    307.93061923980713,
    330.1636483669281,
    352.11800146102905,
    374.05915904045105,
    396.2242455482483,
    418.1512975692749,
    440.3876061439514,
    462.31754088401794,
    484.4891731739044,
    506.4837601184845,
    528.4512875080109,
    550.6755018234253,
    572.6992375850677,
    594.6357364654541,
    616.7935492992401,
    638.7257363796234,
    660.9254903793335
  ],
  "eval_time": [
    0.2655372619628906,
    0.533867597579956,
    0.8041563034057617,
    1.0787408351898193,
    1.3550481796264648,
    1.6234455108642578,
    1.8982188701629639,
    2.1672158241271973,
    2.4345510005950928,
    2.700387954711914,
    2.970825672149658,
    3.2353103160858154,
    3.5003011226654053,
    3.7750484943389893,
    4.044288396835327,
    4.319377899169922,
    4.588393211364746,
    4.853832244873047,
    5.120427370071411,
    5.387775182723999,
    5.66453218460083,
    5.934498071670532,
    6.20498514175415,
    6.470795154571533,
    6.734999418258667,
    7.005053520202637,
    7.279655694961548,
    7.549254894256592,
    7.817689418792725,
    8.084862232208252
  ],
  "train_losses": [
    0.7478270065784455,
    0.7637898999452591,
    0.7513921922445297,
    0.7357350885868073,
    0.7277799195051193,
    0.7084494042396545,
    0.6483540415763855,
    0.6298336184024811,
    0.6593704915046692,
    0.6050682544708252,
    0.5457565107941628,
    0.5329625770449639,
    0.5094092461466789,
    0.49946313560009004,
    0.5161916357278824,
    0.559430216550827,
    0.5732955142855645,
    0.5128420877456665,
    0.6361777019500733,
    0.5023147740960121,
    0.4994167023897171,
    0.4960238954424858,
    0.48270478010177614,
    0.47303714096546173,
    0.48738005101680754,
    0.4613840064406395,
    0.4940592062473297,
    0.45794893890619276,
    0.4497388944029808,
    0.503088634610176
  ],
  "eval_accs": [
    51.8,
    48.2,
    52.1,
    52.0,
    67.3,
    61.2,
    55.6,
    66.0,
    71.8,
    64.1,
    74.3,
    75.3,
    72.7,
    72.8,
    73.2,
    78.9,
    70.3,
    70.6,
    70.8,
    74.5,
    77.6,
    74.1,
    79.9,
    75.2,
    79.3,
    75.9,
    80.3,
    77.5,
    80.1,
    75.7
  ],
  "eval_f1s": [
    0.0,
    0.6505,
    0.0124,
    0.6671,
    0.648,
    0.3782,
    0.6833,
    0.5143,
    0.6561,
    0.7202,
    0.7309,
    0.7632,
    0.6504,
    0.7695,
    0.6417,
    0.7813,
    0.7579,
    0.5917,
    0.5933,
    0.7741,
    0.7691,
    0.6641,
    0.7878,
    0.7873,
    0.7936,
    0.6898,
    0.7828,
    0.8014,
    0.7741,
    0.684
  ],
  "eval_losses": [
    0.7410562336444855,
    0.8678133189678192,
    0.8014557957649231,
    0.6798513531684875,
    0.6104889810085297,
    0.6661612689495087,
    0.7265454232692719,
    0.6530803143978119,
    0.5424831509590149,
    0.6894599497318268,
    0.5128560066223145,
    0.5212512016296387,
    0.5367452204227448,
    0.5712648332118988,
    0.5471203625202179,
    0.4448329508304596,
    0.6285400986671448,
    0.5602788925170898,
    0.572558730840683,
    0.5480753481388092,
    0.4513327181339264,
    0.542521744966507,
    0.42779213190078735,
    0.5344505310058594,
    0.43226197361946106,
    0.5204804390668869,
    0.41723835468292236,
    0.5572521984577179,
    0.41300274431705475,
    0.48227185010910034
  ],
  "epoch_train_loss": [
    0.6896533389631965,
    0.5432618918540927,
    0.47620351296565216
  ],
  "epoch_train_time": [
    243.60990953445435,
    243.7308795452118,
    243.85758447647095
  ],
  "epoch_eval_loss": [
    0.5329007208347321,
    0.6015982031822205,
    0.41050559282302856
  ],
  "epoch_eval_time": [
    0.2649226188659668,
    0.2687845230102539,
    0.26970982551574707
  ],
  "epoch_eval_acc": [
    72.3,
    72.7,
    81.3
  ],
  "epoch_eval_f1": [
    0.6805,
    0.7681,
    0.82
  ],
  "parameters": 8671744
}